<?xml version="1.0" encoding="UTF-8"?>
<openbox_config xmlns="http://openbox.org/3.4/rc" xmlns:xi="http://www.w3.org/2001/XInclude">
	<resistance>
		<strength>10</strength>
		<screen_edge_strength>20</screen_edge_strength>
	</resistance>
	<focus>
		<focusNew>yes</focusNew>
		<!-- Always try to focus new windows when they appear. other rules do apply -->
		<followMouse>no</followMouse>
		<!-- Move focus to a window when you move the mouse into it -->
		<focusLast>yes</focusLast>
		<!-- Focus the last used window when changing desktops, instead of the one 
		under the mouse pointer. when followMouse is enabled -->
		<underMouse>no</underMouse>
		<!-- Move focus under the mouse, even when the mouse is not moving -->
		<focusDelay>200</focusDelay>
		<!-- When followMouse is enabled, the mouse must be inside the window for
		this many milliseconds (1000 = 1 sec) before moving focus to it -->
		<raiseOnFocus>no</raiseOnFocus>
		<!-- When followMouse is enabled, and a window is given focus by moving the 
		mouse into it, also raise the window -->
	</focus>
	<placement>
		<policy>Smart</policy>
		<!-- 'Smart' or 'UnderMouse' -->
		<center>yes</center>
		<!-- Whether to place windows in the center of the free area found or 
		the top left corner -->
		<monitor>Primary</monitor>
		<!-- With Smart placement on a multi-monitor system, try to place new windows 
		on: 'Any' - any monitor, 'Mouse' - where the mouse is, 'Active' - where 
		the active window is, 'Primary' - only on the primary monitor -->
		<primaryMonitor>1</primaryMonitor>
		<!-- The monitor where Openbox should place popup dialogs such as the 
		focus cycling popup, or the desktop switch popup.	It can be an index 
		from 1, specifying a particular monitor.	Or it can be one of the 
		following: 'Mouse' - where the mouse is, or 'Active' - where 
		the active window is -->
	</placement>
	<theme>
		<name>Adiantum</name>
		<titleLayout>CLM</titleLayout>
		<!--
		Available characters are NDSLIMC, each can occur at most once.
		N: window icon
		L: window label (AKA title).
		I: iconify
		M: maximize
		C: close
		S: shade (roll up/down)
		D: omnipresent (on all desktops).
		-->
		<keepBorder>yes</keepBorder>
		<animateIconify>yes</animateIconify>
		<font place="ActiveWindow">
			<name>cinnamonroll</name>
			<size>8</size>
			<!-- font size in points -->
			<weight>Normal</weight>
			<!-- 'bold' or 'normal' -->
			<slant>Normal</slant>
			<!-- 'italic' or 'normal' -->
		</font>
		<font place="InactiveWindow">
			<name>cinnamonroll</name>
			<size>8</size>
			<!-- font size in points -->
			<weight>Normal</weight>
			<!-- 'bold' or 'normal' -->
			<slant>Normal</slant>
			<!-- 'italic' or 'normal' -->
		</font>
		<font place="MenuHeader">
			<name>cinnamonroll</name>
			<size>8</size>
			<!-- font size in points -->
			<weight>Normal</weight>
			<!-- 'bold' or 'normal' -->
			<slant>Normal</slant>
			<!-- 'italic' or 'normal' -->
		</font>
		<font place="MenuItem">
			<name>cinnamonroll</name>
			<size>8</size>
			<!-- font size in points -->
			<weight>Normal</weight>
			<!-- 'bold' or 'normal' -->
			<slant>Normal</slant>
			<!-- 'italic' or 'normal' -->
		</font>
		<font place="ActiveOnScreenDisplay">
			<name>cinnamonroll</name>
			<size>8</size>
			<!-- font size in points -->
			<weight>Normal</weight>
			<!-- 'bold' or 'normal' -->
			<slant>Normal</slant>
			<!-- 'italic' or 'normal' -->
		</font>
		<font place="InactiveOnScreenDisplay">
			<name>cinnamonroll</name>
			<size>8</size>
			<!-- font size in points -->
			<weight>Normal</weight>
			<!-- 'bold' or 'normal' -->
			<slant>Normal</slant>
			<!-- 'italic' or 'normal' -->
		</font>
	</theme>
	<desktops>
		<!-- this stuff is only used at startup, pagers allow you to change them
		during a session. these are default values to use when other ones are not
		already set by other applications, or saved in your session.
		Use obconf if you want to change these without having to log out
		and back in -->
		<number>4</number>
		<firstdesk>1</firstdesk>
		<names>
			<name>1</name>
			<name>2</name>
			<name>3</name>
			<name>4</name>
		</names>
		<popupTime>1000</popupTime>
		<!-- The number of milliseconds to show the popup for when switching
		desktops. Set this to 0 to disable the popup. -->
	</desktops>
	<resize>
		<drawContents>yes</drawContents>
		<popupShow>Nonpixel</popupShow>
		<!-- 'Always', 'Never', or 'Nonpixel' (xterms and such) -->
		<popupPosition>Center</popupPosition>
		<!-- 'Center', 'Top', or 'Fixed' -->
		<popupFixedPosition>
			<!-- these are used if popupPosition is set to 'Fixed' -->
			<x>10</x>
			<!-- positive number for distance from left edge, negative number for
			distance from right edge, or 'Center' -->
			<y>10</y>
			<!-- positive number for distance from top edge, negative number for
			distance from bottom edge, or 'Center' -->
		</popupFixedPosition>
	</resize>
	<!-- You can reserve a portion of your screen where windows will not cover when
	they are maximized, or when they are initially placed.
	Many programs reserve space automatically, but you can use this in other
	cases. -->
	<margins>
		<top>48</top>
		<bottom>16</bottom>
		<left>16</left>
		<right>16</right>
	</margins>
	<dock>
		<position>TopLeft</position>
		<!-- (Top|Bottom)(Left|Right|)|Top|Bottom|Left|Right|Floating -->
		<floatingX>0</floatingX>
		<floatingY>0</floatingY>
		<noStrut>no</noStrut>
		<stacking>Above</stacking>
		<!-- 'Above', 'Normal', or 'Below' -->
		<direction>Vertical</direction>
		<!-- 'Vertical' or 'Horizontal' -->
		<autoHide>no</autoHide>
		<hideDelay>300</hideDelay>
		<!-- in milliseconds (1000 = 1 second) -->
		<showDelay>300</showDelay>
		<!-- in milliseconds (1000 = 1 second) -->
		<moveButton>Middle</moveButton>
		<!-- 'Left', 'Middle', 'Right' -->
	</dock>
	<keyboard>
		<chainQuitKey>C-g</chainQuitKey>
		<!-- Keybindings for desktop switching -->
		<keybind key="C-A-Left">
			<action name="GoToDesktop">
				<to>left</to>
				<wrap>no</wrap>
			</action>
		</keybind>
		<keybind key="C-A-Right">
			<action name="GoToDesktop">
				<to>right</to>
				<wrap>no</wrap>
			</action>
		</keybind>
		<!-- Sent window to next or previous workspace -->
		<keybind key="W-S-Left">
			<action name="SendToDesktop">
				<to>left</to>
				<wrap>no</wrap>
			</action>
		</keybind>
		<keybind key="W-S-Right">
			<action name="SendToDesktop">
				<to>right</to>
				<wrap>no</wrap>
			</action>
		</keybind>
		<!-- Switch to another workspace -->
		<keybind key="W-1">
			<action name="GoToDesktop">
				<to>1</to>
			</action>
		</keybind>
		<keybind key="W-2">
			<action name="GoToDesktop">
				<to>2</to>
			</action>
		</keybind>
		<keybind key="W-3">
			<action name="GoToDesktop">
				<to>3</to>
			</action>
		</keybind>
		<keybind key="W-4">
			<action name="GoToDesktop">
				<to>4</to>
			</action>
		</keybind>
		<!-- Sent window to worspace number -->
		<keybind key="W-S-1">
			<action name="SendToDesktop">
				<to>1</to>
				<wrap>no</wrap>
			</action>
		</keybind>
		<keybind key="W-S-2">
			<action name="SendToDesktop">
				<to>2</to>
				<wrap>no</wrap>
			</action>
		</keybind>
		<keybind key="W-S-3">
			<action name="SendToDesktop">
				<to>3</to>
				<wrap>no</wrap>
			</action>
		</keybind>
		<keybind key="W-S-4">
			<action name="SendToDesktop">
				<to>4</to>
				<wrap>no</wrap>
			</action>
		</keybind>
		<!-- Keybindings for Aero Snap -->
		<keybind key="W-Right">
			<action name="UnmaximizeFull"/>
			<action name="MoveResizeTo">
				<x>-0</x>
				<y>+0</y>
				<width>50/100</width>
				<height>100/100</height>
			</action>
		</keybind>
		<keybind key="W-Left">
			<action name="UnmaximizeFull"/>
			<action name="MoveResizeTo">
				<x>+0</x>
				<y>+0</y>
				<width>50/100</width>
				<height>100/100</height>
			</action>
		</keybind>
		<keybind key="W-Up">
			<action name="UnmaximizeFull"/>
			<action name="MoveResizeTo">
				<width>75/100</width>
				<height>75/100</height>
			</action>
			<action name="MoveToCenter"/>
		</keybind>
		<keybind key="W-Down">
			<action name="UnmaximizeFull"/>
			<action name="MoveResizeTo">
				<width>50/100</width>
				<height>50/100</height>
			</action>
			<action name="MoveToCenter"/>
		</keybind>
		<keybind key="W-S-Up">
			<action name="UnmaximizeFull"/>
			<action name="MoveResizeTo">
				<width>75/100</width>
				<height>75/100</height>
			</action>
			<action name="MoveToCenter"/>
		</keybind>
		<!-- Keybindings for moving window to edge -->
		<keybind key="W-C-Right">
			<action name="MoveToEdge">
				<direction>east</direction>
			</action>
		</keybind>
		<keybind key="W-C-Left">
			<action name="MoveToEdge">
				<direction>west</direction>
			</action>
		</keybind>
		<keybind key="W-C-Up">
			<action name="MoveToEdge">
				<direction>north</direction>
			</action>
		</keybind>
		<keybind key="W-C-Down">
			<action name="MoveToEdge">
				<direction>south</direction>
			</action>
		</keybind>
		<keybind key="W-a">
			<action name="MoveToCenter"/>
		</keybind>
		<!-- Keybindings for undecorate, fullscreen, minimize,
		roll-up, stick, resize, move, close, and window menu -->
		<keybind key="W-t">
			<action name="ToggleDecorations"/>
		</keybind>
		<keybind key="W-f">
			<action name="ToggleMaximize"/>
		</keybind>
		<keybind key="W-z">
			<action name="Iconify"/>
		</keybind>
		<keybind key="W-u">
			<action name="ToggleShade"/>
		</keybind>
		<keybind key="W-s">
			<action name="ToggleOmnipresent"/>
		</keybind>
		<keybind key="W-r">
			<action name="Resize"/>
		</keybind>
		<keybind key="W-m">
			<action name="Move"/>
		</keybind>
		<keybind key="A-F4">
			<action name="Close"/>
		</keybind>
		<keybind key="W-c">
			<action name="Close"/>
		</keybind>
		<keybind key="A-space">
			<action name="ShowMenu">
				<menu>client-menu</menu>
			</action>
		</keybind>
		<!-- Keybindings for window switching -->
		<keybind key="A-Tab">
			<action name="NextWindow">
				<dialog>list</dialog>
				<bar>no</bar>
				<finalactions>
					<action name="Focus"/>
					<action name="Raise"/>
					<action name="Unshade"/>
				</finalactions>
			</action>
		</keybind>
		<keybind key="A-S-Tab">
			<action name="PreviousWindow">
				<dialog>list</dialog>
				<bar>no</bar>
				<finalactions>
					<action name="Focus"/>
					<action name="Raise"/>
					<action name="Unshade"/>
				</finalactions>
			</action>
		</keybind>
		<keybind key="C-A-Down">
			<action name="NextWindow">
				<dialog>list</dialog>
				<bar>yes</bar>
				<raise>yes</raise>
				<finalactions>
					<action name="Focus"/>
					<action name="Raise"/>
					<action name="Unshade"/>
				</finalactions>
			</action>
		</keybind>
		<keybind key="C-A-Up">
			<action name="NextWindow">
				<dialog>list</dialog>
				<bar>yes</bar>
				<raise>yes</raise>
				<finalactions>
					<action name="Focus"/>
					<action name="Raise"/>
					<action name="Unshade"/>
				</finalactions>
			</action>
		</keybind>
		<!-- Keybindings for window switching with the arrow keys -->
		<keybind key="W-A-Right">
			<action name="DirectionalCycleWindows">
				<direction>right</direction>
				<dialog>no</dialog>
			</action>
		</keybind>
		<keybind key="W-A-Left">
			<action name="DirectionalCycleWindows">
				<direction>left</direction>
				<dialog>no</dialog>
			</action>
		</keybind>
		<keybind key="W-A-Up">
			<action name="DirectionalCycleWindows">
				<direction>up</direction>
				<dialog>no</dialog>
			</action>
		</keybind>
		<keybind key="W-A-Down">
			<action name="DirectionalCycleWindows">
				<direction>down</direction>
				<dialog>no</dialog>
			</action>
		</keybind>
		<!-- Keybindings for startmenu	-->
		<keybind key="W-d">
			<action name="Execute">
				<command>launch</command>
			</action>
		</keybind>
		<keybind key="W-Tab">
			<action name="ShowMenu">
				<menu>client-list-combined-menu</menu>
			</action>
		</keybind>
		<keybind key="W-space">
			<action name="ShowMenu">
				<menu>root-menu</menu>
			</action>
		</keybind>
		<!-- Keybindings for running applications -->
		<keybind key="W-Return">
			<action name="Execute">
				<command>x-terminal-emulator</command>
			</action>
		</keybind>
		<keybind key="W-w">
			<action name="Execute">
				<command>x-www-browser</command>
			</action>
		</keybind>
		<keybind key="W-e">
			<action name="Execute">
				<command>pcmanfm</command>
			</action>
		</keybind>
		<keybind key="W-g">
			<action name="Execute">
				<command>geany</command>
			</action>
		</keybind>
		<keybind key="W-v">
			<action name="Execute">
				<command>pavucontrol</command>
			</action>
		</keybind>
		<!-- Take a screenshot, say "Cheeeese!" -->
		<keybind key="Print">
			<action name="Execute">
				<command>screeny</command>
			</action>
		</keybind>
		<keybind key="A-Print">
			<action name="Execute">
				<command>screeny -f</command>
			</action>
		</keybind>
		<keybind key="C-Print">
			<action name="Execute">
				<command>screeny -s</command>
			</action>
		</keybind>
		<!-- Multimedia keys-->
		<keybind key="XF86AudioStop">
			<action name="Execute">
				<command>mpc stop</command>
			</action>
		</keybind>
		<keybind key="XF86AudioPlay">
			<action name="Execute">
				<command>mpc toggle</command>
			</action>
		</keybind>
		<keybind key="XF86AudioPrev">
			<action name="Execute">
				<command>mpc prev</command>
			</action>
		</keybind>
		<keybind key="XF86AudioNext">
			<action name="Execute">
				<command>mpc next</command>
			</action>
		</keybind>
		<keybind key="XF86MonBrightnessDown">
			<action name="Execute">
				<command>xbacklight -dec 5</command>
			</action>
		</keybind>
		<keybind key="XF86MonBrightnessUp">
			<action name="Execute">
				<command>xbacklight -inc 5</command>
			</action>
		</keybind>
		<!-- I'm not satisfied with PulseAudio default volume controller. 
		So, I use custom script instead -->
		<keybind key="XF86AudioRaiseVolume">
			<action name="Execute">
				<command>pulsevol --up</command>
			</action>
		</keybind>
		<keybind key="XF86AudioLowerVolume">
			<action name="Execute">
				<command>pulsevol --down</command>
			</action>
		</keybind>
		<keybind key="XF86AudioMute">
			<action name="Execute">
				<command>pulsevol --mute</command>
			</action>
		</keybind>
		<!-- Reload and Exit keybinds -->
		<keybind key="W-S-BackSpace">
			<action name="Restart"/>
		</keybind>
		<keybind key="W-S-r">
			<action name="Reconfigure"/>
		</keybind>
		<keybind key="W-S-q">
			<action name="Exit"/>
		</keybind>
	</keyboard>
	<mouse>
		<dragThreshold>1</dragThreshold>
		<!-- number of pixels the mouse must move before a drag begins -->
		<doubleClickTime>500</doubleClickTime>
		<!-- in milliseconds (1000 = 1 second) -->
		<screenEdgeWarpTime>0</screenEdgeWarpTime>
		<!-- Time before changing desktops when the pointer touches the edge of the
		screen while moving a window, in milliseconds (1000 = 1 second).
		Set this to 0 to disable warping -->
		<screenEdgeWarpMouse>false</screenEdgeWarpMouse>
		<!-- Set this to TRUE to move the mouse pointer across the desktop when
		switching due to hitting the edge of the screen -->
		<context name="Desktop">
			<mousebind button="W-Down" action="Click">
				<action name="GoToDesktop">
				<to>right</to>
				<wrap>no</wrap>
			</action>
			</mousebind>
			<mousebind button="W-Up" action="Click">
				<action name="GoToDesktop">
				<to>left</to>
				<wrap>no</wrap>
			</action>
			</mousebind>
		</context>
		<context name="Frame">
			<mousebind button="W-Down" action="Click">
				<action name="GoToDesktop">
				<to>right</to>
				<wrap>no</wrap>
			</action>
			</mousebind>
			<mousebind button="W-Up" action="Click">
				<action name="GoToDesktop">
				<to>left</to>
				<wrap>no</wrap>
			</action>
			</mousebind>
		</context>
		<context name="Frame">
			<mousebind button="W-Left" action="Drag">
				<action name="Move"/>
			</mousebind>
		</context>
		<context name="Titlebar">
			<mousebind button="Left" action="Drag">
				<action name="Move"/>
			</mousebind>
			<mousebind button="Left" action="DoubleClick">
				<action name="ToggleMaximizeFull"/>
			</mousebind>
			<mousebind button="Up" action="Click">
				<action name="if">
					<shaded>no</shaded>
					<then>
						<action name="Shade"/>
					</then>
				</action>
			</mousebind>
			<mousebind button="Down" action="Click">
				<action name="if">
					<shaded>yes</shaded>
					<then>
						<action name="Unshade"/>
						<action name="Raise"/>
					</then>
				</action>
			</mousebind>
		</context>
		<context name="Titlebar Top Right Bottom Left TLCorner TRCorner BRCorner BLCorner">
			<mousebind button="Left" action="Press">
				<action name="Focus"/>
				<action name="Raise"/>
			</mousebind>
			<mousebind button="Right" action="Press">
				<action name="Focus"/>
				<action name="Raise"/>
				<action name="ShowMenu">
					<menu>client-menu</menu>
				</action>
			</mousebind>
		</context>
		<context name="Top">
			<mousebind button="Left" action="Drag">
				<action name="Resize">
					<edge>top</edge>
				</action>
			</mousebind>
		</context>
		<context name="Left">
			<mousebind button="Left" action="Drag">
				<action name="Resize">
					<edge>left</edge>
				</action>
			</mousebind>
		</context>
		<context name="Right">
			<mousebind button="Left" action="Drag">
				<action name="Resize">
					<edge>right</edge>
				</action>
			</mousebind>
		</context>
		<context name="Bottom">
			<mousebind button="Left" action="Drag">
				<action name="Resize">
					<edge>bottom</edge>
				</action>
			</mousebind>
			<mousebind button="Right" action="Press">
				<action name="Focus"/>
				<action name="Raise"/>
				<action name="ShowMenu">
					<menu>client-menu</menu>
				</action>
			</mousebind>
		</context>
		<context name="TRCorner BRCorner TLCorner BLCorner">
			<mousebind button="Left" action="Press">
				<action name="Focus"/>
				<action name="Raise"/>
				<action name="Unshade"/>
			</mousebind>
			<mousebind button="Left" action="Drag">
				<action name="Resize"/>
			</mousebind>
		</context>
		<context name="Client">
			<mousebind button="Left" action="Press">
				<action name="Focus"/>
				<action name="Raise"/>
			</mousebind>
			<mousebind button="Right" action="Press">
				<action name="Focus"/>
				<action name="Raise"/>
			</mousebind>
		</context>
		<context name="Icon">
			<mousebind button="Left" action="Press">
				<action name="Focus"/>
				<action name="Raise"/>
				<action name="Unshade"/>
				<action name="ShowMenu">
					<menu>client-menu</menu>
				</action>
			</mousebind>
			<mousebind button="Right" action="Press">
				<action name="Focus"/>
				<action name="Raise"/>
				<action name="ShowMenu">
					<menu>client-menu</menu>
				</action>
			</mousebind>
		</context>
		<context name="AllDesktops">
			<mousebind button="Left" action="Press">
				<action name="Focus"/>
				<action name="Raise"/>
				<action name="Unshade"/>
			</mousebind>
			<mousebind button="Left" action="Click">
				<action name="ToggleOmnipresent"/>
			</mousebind>
		</context>
		<context name="Shade">
			<mousebind button="Left" action="Press">
				<action name="Focus"/>
				<action name="Raise"/>
			</mousebind>
			<mousebind button="Left" action="Click">
				<action name="ToggleShade"/>
			</mousebind>
		</context>
		<context name="Iconify">
			<mousebind button="Left" action="Press">
				<action name="Focus"/>
				<action name="Raise"/>
			</mousebind>
			<mousebind button="Left" action="Click">
				<action name="Iconify"/>
			</mousebind>
		</context>
		<context name="Maximize">
			<mousebind button="Left" action="Press">
				<action name="Focus"/>
				<action name="Raise"/>
				<action name="Unshade"/>
			</mousebind>
			<mousebind button="Left" action="Click">
				<action name="ToggleMaximize"/>
			</mousebind>
		</context>
		<context name="Close">
			<mousebind button="Left" action="Press">
				<action name="Focus"/>
				<action name="Raise"/>
				<action name="Unshade"/>
			</mousebind>
			<mousebind button="Left" action="Click">
				<action name="Close"/>
			</mousebind>
		</context>
		<context name="Root">
			<!-- Menus -->
			<mousebind button="Right" action="Press">
				<action name="ShowMenu">
					<menu>root-menu</menu>
				</action>
			</mousebind>
			<mousebind button="Left" action="DoubleClick">
				<action name="ShowMenu">
					<menu>client-list-combined-menu</menu>
				</action>
			</mousebind>
		</context>
	</mouse>
	<menu>
		<file>menu.xml</file>
		<hideDelay>200</hideDelay>
		<!-- if a press-release lasts longer than this setting (in milliseconds), 
		the menu is hidden again -->
		<middle>no</middle>
		<!-- center submenus vertically about the parent entry -->
		<submenuShowDelay>100</submenuShowDelay>
		<!-- time to delay before showing a submenu after hovering over the parent entry.
		if this is a negative value, then the delay is infinite and the
		submenu will not be shown until it is clicked on -->
		<submenuHideDelay>400</submenuHideDelay>
		<!-- time to delay before hiding a submenu when selecting another entry in parent menu
		if this is a negative value, then the delay is infinite and the
		submenu will not be hidden until a different submenu is opened -->
		<showIcons>no</showIcons>
		<!-- controls if icons appear in the client-list-(combined-)menu -->
		<manageDesktops>yes</manageDesktops>
		<!-- show the manage desktops section in the client-list-(combined-)menu -->
	</menu>
</openbox_config>
